Model,Type,Avg Inference (ms),P95 Inference (ms),Throughput (img/sec),mAP
mobilenet_v3,CNN,11.399950981140137,14.572668075561523,87.67020666429218,0
efficientnet_b0,CNN,28.588309288024902,33.8666558265686,34.96838566816957,0
