Model,Type,Avg Inference (ms),P95 Inference (ms),Throughput (img/sec),mAP
mobilenet_v3,CNN,19.629645347595215,26.559472084045403,50.913215403857954,0.4792956349206349
efficientnet_b0,CNN,45.61928749084473,71.74540758132935,21.915955216105232,0.4605555555555555
clip_vit_b16,Transformer,339.96521949768066,453.48734855651827,2.9413592145207397,0.0
dino_vit_s16,Transformer,106.55678749084473,132.79253244400024,9.383915639835536,0.4865211640211641
