Model,Type,Avg Inference (ms),P95 Inference (ms),Throughput (img/sec),mAP
mobilenet_v3,CNN,12.108564376831055,15.008819103240967,82.51988085260429,0
efficientnet_b0,CNN,27.905678749084473,34.549856185913086,35.82590317184032,0
clip_vit_b16,Transformer,219.22732830047607,250.13720989227295,4.5612895773300375,0
dino_vit_s16,Transformer,72.99561023712158,91.37691259384155,13.697729672788418,0
