Model,Type,Avg Inference (ms),P95 Inference (ms),Throughput (img/sec),mAP
mobilenet_v3,CNN,26.8922758102417,44.17555332183836,37.16427207520922,0
efficientnet_b0,CNN,60.00247001647949,77.75017023086548,16.662314015533997,0
clip_vit_b16,Transformer,454.16316509246826,551.1125326156616,2.2017931901509264,0
dino_vit_s16,Transformer,156.08988761901855,192.30822324752808,6.4061478922353245,0
