Model,Type,Avg Inference (ms),P95 Inference (ms),Throughput (img/sec),mAP
mobilenet_v3,CNN,18.376049995422363,26.765620708465573,54.38060135347837,0.4825170354337021
efficientnet_b0,CNN,49.081053733825684,60.62159538269043,20.369186849510495,0.527478354978355
clip_vit_b16,Transformer,390.9815549850464,499.64174032211304,2.5576086733553836,0.5221877505210839
dino_vit_s16,Transformer,139.29842948913574,177.1401762962341,7.1782954211373875,0.5528433140933141
