Model,Type,Avg Inference (ms),P95 Inference (ms),Throughput (img/sec),mAP
efficientnet_b0,CNN,53.66060256958008,68.72131824493408,18.63294723784135,0.5208631613756614
convnext_tiny,CNN,142.4975061416626,166.79093837738037,7.017205261431678,0.48697089947089944
fashion_clip,Transformer,178.869309425354,214.91680145263672,5.590212926359787,0.6500498015873015
dino_vit_s16,Transformer,156.61003589630127,186.3864779472351,6.384703444561196,0.5440601190476191
