Model,Type,Avg Inference (ms),P95 Inference (ms),Throughput (img/sec),mAP
efficientnet_b0,CNN,92.70298480987549,200.2002120018004,10.7855880221483,0
convnext_tiny,CNN,182.14407920837402,215.03170728683472,5.4898509646215095,0
fashion_clip,Transformer,194.5253324508667,228.8887619972229,5.1397103374116195,0
dino_vit_s16,Transformer,172.01568126678467,231.43454790115354,5.813055914606549,0
