Model,Role,Avg_Inference_ms,Std_Inference_ms,P95_Inference_ms,Throughput_img_sec
efficientnet_b0,Search,45.9553759994742,20.066660433832773,77.69487000914523,21.760239759793098
fashion_clip,Search,114.34905700050876,21.19527351998908,140.92227499422734,8.745153009836809
dinov2_vits14,Search,106.22747399989748,13.305049193880663,130.92605500569334,9.41376051172002
clip_vit_b16,Recommendation,352.2316839994164,97.29478932866427,488.4418000030564,2.8390404538441714
