Model,Category,mP@10,mR@10,mAP@10,N
efficientnet_b0,Men,0.40714285714285714,0.039148351648351655,0.6377321563546053,14
efficientnet_b0,Women,0.7763157894736842,0.033752860411899316,0.8417810813409186,38
efficientnet_b0,Unisex,0.36,0.075,0.6160317460317459,5
fashion_clip,Men,0.5142857142857143,0.04945054945054945,0.6315088363387683,14
fashion_clip,Women,0.8657894736842104,0.03764302059496567,0.9465112848258211,38
fashion_clip,Unisex,0.41999999999999993,0.08750000000000001,0.6482407407407407,5
dinov2_vits14,Men,0.4499999999999999,0.043269230769230775,0.6066794217687075,14
dinov2_vits14,Women,0.8473684210526314,0.03684210526315789,0.8773383110554164,38
dinov2_vits14,Unisex,0.42000000000000004,0.0875,0.7215476190476191,5
