Model_A,Model_B,Mean_A,Mean_B,Difference,t_statistic,p_value,significant,cohens_d
efficientnet_b0,fashion_clip,0.7626455933911542,0.8384139474999039,-0.07576835410874971,-2.475214886180459,0.016258940432152976,True,-0.275194574939166
efficientnet_b0,dinov2_vits14,0.7626455933911542,0.7909339969509461,-0.028288403559791897,-1.7064634912223957,0.09327136710775971,False,-0.09901658579215224
fashion_clip,dinov2_vits14,0.8384139474999039,0.7909339969509461,0.04747995054895782,1.7461564562368408,0.08607849072048265,False,0.17708517734730855
