Model,Type,Avg Inference (ms),P95 Inference (ms),Throughput (img/sec),mAP
mobilenet_v3,CNN,19.885129928588867,29.40620183944702,50.268390257699714,0.3800051203277009
efficientnet_b0,CNN,45.134687423706055,59.32589769363403,22.151838633069715,0.4171626984126984
clip_vit_b16,Transformer,390.42659282684326,448.7896800041199,2.561208257499015,0.47131976446492574
dino_vit_s16,Transformer,128.0360984802246,152.61002779006958,7.809452155807424,0.458650153609831
