Model,Type,Avg Inference (ms),P95 Inference (ms),Throughput (img/sec),mAP
mobilenet_v3,CNN,21.277003288269043,28.710889816284173,46.97357127370011,0
efficientnet_b0,CNN,47.79844284057617,56.19797706604004,20.91559796571906,0
clip_vit_b16,Transformer,356.37174129486084,382.8799247741699,2.8059532419442936,0
dino_vit_s16,Transformer,117.62904167175293,136.78400516510007,8.500567615979245,0
