Model,Type,Avg Inference (ms),P95 Inference (ms),Throughput (img/sec),mAP
efficientnet_b0,CNN,85.92576503753662,153.05761098861694,11.636397210840673,0
convnext_tiny,CNN,158.66994857788086,185.12451648712158,6.301905252117589,0
fashion_clip,Transformer,129.66261863708496,151.50749683380127,7.711702515333115,0
dino_vit_s16,Transformer,95.8232069015503,123.10364246368405,10.434793338894837,0
