Model,Type,Avg Inference (ms),P95 Inference (ms),Throughput (img/sec),mAP
efficientnet_b0,CNN,48.83162260055542,65.54272174835204,20.478533105074945,0
convnext_tiny,CNN,92.26993322372437,109.16441679000854,10.837766594837861,0
clip_vit_b16,Transformer,325.192551612854,380.24103641510004,3.0751011824849948,0
fashion_clip,Transformer,132.43198156356812,149.6540904045105,7.551046115850756,0
dinov2_vits14,Transformer,132.95706748962402,167.54082441329956,7.52122485010464,0
