Model,Type,Avg Inference (ms),P95 Inference (ms),Throughput (img/sec),mAP
mobilenet_v3,CNN,10.762805938720703,13.498222827911375,92.83101685754592,0
efficientnet_b0,CNN,27.347545623779297,32.8083872795105,36.55663226431963,0
