Model,Type,Avg Inference (ms),P95 Inference (ms),Throughput (img/sec),mAP
mobilenet_v3,CNN,14.492735862731934,20.549082756042477,68.46774609546657,0
efficientnet_b0,CNN,40.162506103515625,66.31821393966673,24.89335330354894,0
clip,Transformer,360.2404737472534,456.15187883377075,2.7758621848976195,0
dino_vit_s16,Transformer,135.26244163513184,210.72314977645874,7.392234183668865,0
