Model,Type,Avg Inference (ms),P95 Inference (ms),Throughput (img/sec),mAP
efficientnet_b0,CNN,63.61776828765869,81.77019357681274,15.716595979585945,0.481827348425709
convnext_tiny,CNN,165.5047845840454,196.66101932525632,6.041585798733381,0.4807311995836586
fashion_clip,Transformer,164.90827560424805,247.94510602951044,6.06368425188841,0.5992648972157169
dino_vit_s16,Transformer,188.41974258422852,256.9806814193725,5.306892802360634,0.44581056466302366
