Model,Type,Avg Inference (ms),P95 Inference (ms),Throughput (img/sec),mAP
mobilenet_v3,CNN,10.948123931884766,13.432776927947998,91.26329357843679,0
efficientnet_b0,CNN,25.72279453277588,33.02125930786132,38.86500181338331,0
